price,surface,piece,rooms,bathroom,address,description,more_features_1_dict,more_features_2_dict
1 062 700 DH,112 m²,3 Pièces,2 Chambres,1 Salle de bain,Sidi Maarouf à Casablanca,"Appartement à vendre à Sidi Maarouf. 2 chambres agréables
Découvrez cet appartement à vendre. Prix 1 062 700 DH. 3 pièces, 1 salle de bains, 112 m². 2 chambres à coucher. Nouveau.

Cet appartement est proposé à la vente à Sidi Maarouf, Casablanca.","{'Type de bien\nAppartement': 'Type de bien\nAppartement', 'Etat\nNouveau': 'Etat\nNouveau', 'État\nFinalisé': 'État\nFinalisé'}",{}
913 100 DH,60 m²,1 Salle de bain,,,Hay Hassani à Casablanca,"Plateau bureau à vendre en plein quartier Hay Hassani
Missimi Office le nouveau standard professionnel en plein cœur de la ville de Casablanca.

Situé au quartier de Hay Hassani, à 2 pas de Marjane et à 6 min de la station du tramway, ce projet unique incarne l'alliance parfaite entre design moderne, prestations de standing.

Missimi office vise à concevoir et mettre en œuvre une nouvelle gamme de plateaux de bureaux pour améliorer l'efficacité, le confort et l'esthétique des espaces de travail. Ce projet répond à la nécessité croissante d'espaces de travail flexibles qui favorisent la productivité et le bien-être des utilisateurs.

Les plateaux bureaux offrent des prestations de standing et un design moderne qui s’intègrent harmonieusement dans différents styles d’aménagement de bureaux.

Les superficies varient entre 48m2 et 66m2 à partir de 14 000 DH/m2.

Pour en savoir plus sur ce projet unique ou pour organiser une visite personnalisée, contactez nous dès aujourd'hui sur le 05 200 100 00.","{'Type de bien\nBureau': 'Type de bien\nBureau', 'Etat\nNouveau': 'Etat\nNouveau', 'Étage du bien\n8ème': 'Étage du bien\n8ème', 'Standing\nMoyen standing': 'Standing\nMoyen standing', 'État\nEn cours de construction': 'État\nEn cours de construction', 'Livraison:\naoût 2024': 'Livraison:\naoût 2024'}",{}
894 400 DH,71 m²,3 Pièces,2 Chambres,2 Salles de bains,Aïn Sebaâ à Casablanca,"Très bel appartement à vendre à Ain Sebaa
Charmant appartement de 71 m² composé de 2 chambres, à un prix de 894 000 MAD.

3 pièces lumineuses.

Idéal si vous souhaitez acheter un appartement à Casablanca plus précisément à Ain Sbaa.

Les Jardins de Ain Sebaâ Tranche 2 vous propose des appartements de standing d’une superficie allant de 71 à 96 m², et ce, à un prix 100% déclaré débutant à 802 000 DH !

Entourée d’espaces verts, cette résidence fermée et sécurisée à taille humaine est composée de 2 immeubles pour un total de 45 appartements de standing. Votre confort et votre sécurité n’y ont pas été pris à la légère puisque vous bénéficierez de : ascenseurs de la marque SCHINDLER, caméras de surveillance, parking au sous-sol…

Votre futur appartement doté des finitions que vous attendiez !

De par leurs finitions et leurs équipements de qualité, ces appartements de 2 ou 3 chambres vous feront jouir d’un bien-être inégalé.
- Carrelage de qualité dans tout l’appartement
- Porte d’entrée et portes intérieures isoplanes
- Cuisine équipée d’un trio (hotte, four et plaque de cuisson)
- Salle de bain fonctionnelle : douche à l’italienne, WC suspendu...

Un quartier qui vous séduira par son dynamisme et sa position stratégique !

Ain Sebaâ, le quartier dans lequel est implanté la résidence fermée et sécurisée Les Jardins de Ain Sebaâ Tranche 2, est très prisé aussi bien par les jeunes actifs que par les familles. Proche des principales artères de Casablanca et de toutes les commodités, ce dernier vous facilitera à coup sûr votre quotidien.

Ainsi, en optant pour Les Jardins de Ain Sebaâ Tranche 2, vous allez bénéficier d’une proximité avec les commodités suivantes :
- Écoles : crèches, primaires, collèges et lycées
- Universités et écoles supérieures : Faculté de Ain Sebaâ, ENCG, EFA...
- Supermarchés et hypermarchés
- Divertissement : parcs de jeux, zoo, jardins publics...
- Moyens de transport : train, tramway, bus et taxis
- Centres commerciaux : Tachfine Center, Marina Mall
- Mosquées
- Sorties d’autoroutes

Convaincus ? Contactez sans plus attendre nos conseillers et achetez votre appartement 100% déclaré à la résidence Les Jardins de Ain Sebaâ Tranche 2 !","{'Type de bien\nAppartement': 'Type de bien\nAppartement', 'Etat\nNouveau': 'Etat\nNouveau', 'Standing\nMoyen standing': 'Standing\nMoyen standing', 'État\nFinalisé': 'État\nFinalisé'}","{'Ascenseur': 'Ascenseur', 'Sécurité': 'Sécurité', 'Cuisine équipée': 'Cuisine équipée', 'Four': 'Four'}"
